{
	"AlgoMap255BrLevel": {
		"sectionone": [0.006667,1.993],
		"sectiontwo": [0.05034,-194.6],
		"sectionthree": [0.01101,74.65],
		"sectionkeypoint": [4501,6848]
	},
	"LcmMapAlgoBrLevel": [
		[1,1],
		[2,76],
		[3,226],
		[4,376],
		[5,526],
		[6,676],
		[7,826],
		[8,976],
		[9,1125],
		[10,1275],
		[11,1425],
		[12,1575],
		[13,1725],
		[14,1875],
		[15,2025],
		[16,2175],
		[17,2325],
		[18,2475],
		[19,2625],
		[20,2775],
		[21,2925],
		[22,3075],
		[23,3225],
		[24,3375],
		[25,3525],
		[26,3675],
		[27,3825],
		[28,3975],
		[29,4125],
		[30,4275],
		[31,4425],
		[32,4511],
		[33,4531],
		[34,4551],
		[35,4570],
		[36,4590],
		[37,4610],
		[38,4630],
		[39,4650],
		[40,4670],
		[41,4690],
		[42,4710],
		[43,4729],
		[44,4749],
		[45,4769],
		[46,4789],
		[47,4809],
		[48,4829],
		[49,4849],
		[50,4868],
		[51,4888],
		[52,4908],
		[53,4928],
		[54,4948],
		[55,4968],
		[56,4988],
		[57,5008],
		[58,5027],
		[59,5047],
		[60,5067],
		[61,5087],
		[62,5107],
		[63,5127],
		[64,5147],
		[65,5166],
		[66,5186],
		[67,5206],
		[68,5226],
		[69,5246],
		[70,5266],
		[71,5286],
		[72,5305],
		[73,5325],
		[74,5345],
		[75,5365],
		[76,5385],
		[77,5405],
		[78,5425],
		[79,5445],
		[80,5464],
		[81,5484],
		[82,5504],
		[83,5524],
		[84,5544],
		[85,5564],
		[86,5584],
		[87,5603],
		[88,5623],
		[89,5643],
		[90,5663],
		[91,5683],
		[92,5703],
		[93,5723],
		[94,5743],
		[95,5762],
		[96,5782],
		[97,5802],
		[98,5822],
		[99,5842],
		[100,5862],
		[101,5882],
		[102,5901],
		[103,5921],
		[104,5941],
		[105,5961],
		[106,5981],
		[107,6001],
		[108,6021],
		[109,6040],
		[110,6060],
		[111,6080],
		[112,6100],
		[113,6120],
		[114,6140],
		[115,6160],
		[116,6180],
		[117,6199],
		[118,6219],
		[119,6239],
		[120,6259],
		[121,6279],
		[122,6299],
		[123,6319],
		[124,6338],
		[125,6358],
		[126,6378],
		[127,6398],
		[128,6418],
		[129,6438],
		[130,6458],
		[131,6478],
		[132,6497],
		[133,6517],
		[134,6537],
		[135,6557],
		[136,6577],
		[137,6597],
		[138,6617],
		[139,6636],
		[140,6656],
		[141,6676],
		[142,6696],
		[143,6716],
		[144,6736],
		[145,6756],
		[146,6775],
		[147,6795],
		[148,6815],
		[149,6835],
		[150,6890],
		[151,6980],
		[152,7071],
		[153,7162],
		[154,7252],
		[155,7343],
		[156,7434],
		[157,7525],
		[158,7616],
		[159,7707],
		[160,7797],
		[161,7888],
		[162,7979],
		[163,8070],
		[164,8161],
		[165,8252],
		[166,8342],
		[167,8433],
		[168,8524],
		[169,8615],
		[170,8706],
		[171,8796],
		[172,8887],
		[173,8978],
		[174,9069],
		[175,9160],
		[176,9251],
		[177,9341],
		[178,9432],
		[179,9523],
		[180,9614],
		[181,9705],
		[182,9796],
		[183,9886],
		[184,9977],
		[185,10068],
		[186,10159],
		[187,10250],
		[188,10341],
		[189,10431],
		[190,10522],
		[191,10613],
		[192,10704],
		[193,10795],
		[194,10885],
		[195,10976],
		[196,11067],
		[197,11158],
		[198,11249],
		[199,11340],
		[200,11430],
		[201,11521],
		[202,11612],
		[203,11703],
		[204,11794],
		[205,11885],
		[206,11975],
		[207,12066],
		[208,12157],
		[209,12248],
		[210,12339],
		[211,12430],
		[212,12520],
		[213,12611],
		[214,12702],
		[215,12793],
		[216,12884],
		[217,12974],
		[218,13065],
		[219,13156],
		[220,13247],
		[221,13338],
		[222,13429],
		[223,13519],
		[224,13610],
		[225,13701],
		[226,13792],
		[227,13883],
		[228,13974],
		[229,14064],
		[230,14155],
		[231,14246],
		[232,14337],
		[233,14428],
		[234,14519],
		[235,14609],
		[236,14700],
		[237,14791],
		[238,14882],
		[239,14973],
		[240,15063],
		[241,15154],
		[242,15245],
		[243,15336],
		[244,15427],
		[245,15518],
		[246,15608],
		[247,15699],
		[248,15790],
		[249,15881],
		[250,15972],
		[251,16063],
		[252,16153],
		[253,16244],
		[254,16335],
		[255,16383]
	]
}
